Player,Team,GP,Goals,Assists,Total Points,IPP,ixG,PIM,Giveaways,Takeaways
Patrick Kane,CHI,82,25,32,57,85.07,13.41,18,28,31
Sidney Crosby,PIT,80,18,33,51,82.26,15.67,24,31,37
Evgeny Kuznetsov,WSH,82,11,40,51,77.27,10.74,24,45,52
Jaromir Jagr,FLA,79,20,30,50,74.63,10.54,36,38,32
Blake Wheeler,WPG,82,16,32,48,80,13.94,26,36,31
Taylor Hall,EDM,82,18,30,48,82.76,19.64,30,58,60
Joe Thornton,S.J,82,8,38,46,70.77,5.91,28,79,65
Erik Karlsson,OTT,82,13,32,45,58.44,6.93,38,72,47
John Tavares,NYI,78,22,23,45,84.91,18.65,16,63,63
Johnny Gaudreau,CGY,79,18,27,45,78.95,11.51,10,67,33
Anze Kopitar,L.A,81,13,31,44,73.33,11.33,12,27,33
Vladimir Tarasenko,STL,80,22,21,43,81.13,16.57,18,29,29
Mark Scheifele,WPG,71,18,25,43,75.44,13.55,28,27,53
Joe Pavelski,S.J,82,23,19,42,64.62,14.08,22,59,36
Jamie Benn,DAL,82,16,26,42,73.68,14.74,35,58,54
Milan Lucic,L.A,81,16,25,41,66.13,11.24,43,46,20
Artemi Panarin,CHI,80,18,23,41,75.93,10.93,24,32,25
Alex Ovechkin,WSH,79,27,13,40,67.8,17.78,35,38,19
Matt Duchene,COL,76,21,19,40,86.96,11.65,20,23,37
Jonathan Huberdeau,FLA,76,13,27,40,70.18,13.31,31,35,26
Mike Hoffman,OTT,78,17,22,39,79.59,10.31,12,31,36
Mats Zuccarello,NYR,81,18,21,39,69.64,9.48,18,31,52
Jeff Skinner,CAR,82,20,19,39,81.25,17.7,18,38,71
Tyler Seguin,DAL,72,22,17,39,68.42,14.95,10,34,17
Jussi Jokinen,FLA,81,11,27,38,71.7,7.19,18,33,20
Max Pacioretty,MTL,82,17,21,38,77.55,18.08,26,27,26
Brandon Saad,CBJ,78,20,18,38,74.51,17.27,8,20,23
Leon Draisaitl,EDM,72,14,24,38,82.61,10.03,12,50,37
Loui Eriksson,BOS,82,16,21,37,74,9.34,6,23,37
David Krejci,BOS,72,11,26,37,75.51,7.25,28,35,29
James Neal,NSH,82,24,13,37,69.81,13.97,38,20,44
Phil Kessel,PIT,82,19,18,37,68.52,14.29,8,47,23
Vincent Trocheck,FLA,76,19,18,37,74,11.85,34,20,38
Tomas Hertl,S.J,81,17,20,37,66.07,16.63,18,37,30
Sean Monahan,CGY,81,19,18,37,66.07,12.91,16,33,52
Brad Marchand,BOS,77,19,17,36,66.67,11.93,54,49,31
Carl Hagelin,"ANA, PIT",80,14,22,36,72,13.26,28,33,21
Tyler Toffoli,L.A,82,20,16,36,65.45,15.51,14,30,22
Alex Galchenyuk,MTL,82,19,17,36,69.23,13.8,14,28,28
Dylan Larkin,DET,80,18,18,36,76.6,13.32,16,27,36
Justin Williams,WSH,82,15,20,35,61.4,15.37,32,39,30
Tomas Plekanec,MTL,82,8,27,35,74.47,8.59,18,38,8
Brent Burns,S.J,82,16,19,35,55.56,8.62,32,79,41
Corey Perry,ANA,82,20,15,35,77.78,14.51,34,44,24
Joe Colborne,CGY,73,13,22,35,79.55,6.25,16,27,23
Nino Niederreiter,MIN,82,16,19,35,71.43,13.58,20,17,31
Aleksander Barkov,FLA,66,17,18,35,70,11.08,4,20,34
Mike Ribeiro,NSH,81,5,29,34,62.96,5.27,28,39,21
Daniel Sedin,VAN,82,16,18,34,73.91,12.85,28,24,21
Jason Spezza,DAL,75,21,13,34,79.07,14,18,43,41
Patric Hornqvist,PIT,82,12,22,34,68,19.03,22,6,22
Kyle Okposo,NYI,79,11,23,34,79.07,14.03,36,48,36
Nicklas Backstrom,WSH,75,13,21,34,77.27,6.93,16,18,35
Derek Stepan,NYR,72,13,21,34,73.91,12.13,14,16,44
Ryan Johansen,"CBJ, NSH",80,10,24,34,73.91,9.93,39,29,35
Mark Stone,OTT,75,12,22,34,75.56,8.6,26,41,106
J.T. Miller,NYR,82,17,17,34,75.56,10.32,27,50,37
Filip Forsberg,NSH,82,21,13,34,62.96,16.26,27,38,59
Scott Hartnell,CBJ,79,10,23,33,73.33,10.76,54,28,18
Jeff Carter,L.A,77,9,24,33,80.49,14.45,12,29,21
Patrice Bergeron,BOS,80,18,15,33,70.21,13.4,41,24,51
Brandon Dubinsky,CBJ,75,11,22,33,78.57,12.81,42,20,34
Jannik Hansen,VAN,67,18,15,33,73.33,7.03,24,22,17
Wayne Simmonds,PHI,81,15,18,33,70.21,15.21,56,25,17
Cam Atkinson,CBJ,81,17,16,33,73.33,18.4,8,11,25
Brayden Schenn,PHI,80,14,19,33,76.74,10.92,10,26,25
Reilly Smith,FLA,82,17,16,33,68.75,11.24,12,21,37
Mika Zibanejad,OTT,81,15,18,33,67.35,13.1,12,35,26
Jiri Hudler,"CGY, FLA",72,12,20,32,71.11,6.68,13,22,19
Lee Stempniak,"BOS, N.J",82,12,20,32,68.09,11.09,26,25,24
Bobby Ryan,OTT,81,12,20,32,69.57,11.69,16,36,47
Craig Smith,NSH,82,19,13,32,64,15.54,28,35,41
Nikita Kucherov,T.B,77,16,16,32,68.09,11.3,20,43,29
Max Domi,ARI,81,13,19,32,71.11,9.05,28,28,23
Chris Kunitz,PIT,80,15,16,31,50.82,11.2,22,31,30
Dustin Byfuglien,WPG,81,14,17,31,43.06,8.67,59,66,51
T.J. Oshie,WSH,80,12,19,31,63.27,11.41,20,33,45
Claude Giroux,PHI,78,13,18,31,77.5,9.79,29,25,29
Derick Brassard,NYR,80,16,15,31,62,11.07,22,35,37
Steven Stamkos,T.B,77,17,14,31,65.96,11.57,24,31,32
Jordan Eberle,EDM,69,16,15,31,77.5,12,8,32,26
Ryan Spooner,BOS,80,7,24,31,81.58,6.56,17,25,24
Brock Nelson,NYI,81,21,10,31,73.81,12.62,22,21,40
Boone Jenner,CBJ,82,19,12,31,75.61,17.3,45,19,35
Gabriel Landeskog,COL,75,13,18,31,77.5,7.91,34,21,31
Anthony Duclair,ARI,81,12,19,31,64.58,7.78,30,16,22
Andre Burakovsky,WSH,79,16,15,31,72.09,10.23,8,26,32
Jonathan Toews,CHI,80,11,19,30,76.92,11.07,30,23,39
Mikael Backlund,CGY,82,12,18,30,63.83,9.84,18,31,49
Kyle Palmieri,N.J,82,16,14,30,88.24,10.79,28,21,37
Chris Kreider,NYR,79,15,15,30,57.69,10.86,33,30,22
Rickard Rakell,ANA,72,14,16,30,69.77,12.42,12,32,23
Henrik Sedin,VAN,74,4,25,29,78.38,5.93,18,37,19
Mikko Koivu,MIN,82,4,25,29,58,7.5,20,33,33
Ales Hemsky,DAL,75,11,18,29,76.32,9.61,20,24,22
Ryan Getzlaf,ANA,77,4,25,29,72.5,8.09,28,51,37
Paul Stastny,STL,64,8,21,29,72.5,9.56,18,3,18
Matt Beleskey,BOS,80,12,17,29,60.42,12.07,42,23,24
Teddy Purcell,"EDM, FLA",76,10,19,29,70.73,9.01,8,24,26
Adam Henrique,N.J,80,18,11,29,63.04,10.62,19,18,27
TJ Brodie,CGY,70,3,26,29,47.54,4.06,14,66,30
Charlie Coyle,MIN,82,15,14,29,74.36,10.02,10,25,33
Kevin Hayes,NYR,79,11,18,29,72.5,9.76,10,35,23
John Klingberg,DAL,76,4,25,29,42.03,7.22,26,61,32
Sean Couturier,PHI,63,8,21,29,76.32,8.19,18,23,16
Sam Reinhart,BUF,79,13,16,29,78.38,12.45,6,18,18
Connor McDavid,EDM,45,12,17,29,80.56,8.26,12,9,24
Jack Eichel,BUF,81,12,17,29,74.36,11.1,18,35,39
PA Parenteau,TOR,77,12,16,28,71.79,9.98,28,18,26
Mark Giordano,CGY,82,10,18,28,45.9,5.76,38,47,32
Alex Killorn,T.B,81,7,21,28,58.33,9.65,26,31,26
Gustav Nyquist,DET,82,8,20,28,71.79,8.75,16,18,26
Marcus Johansson,WSH,74,10,18,28,71.79,8.36,8,32,29
Victor Hedman,T.B,78,7,21,28,46.67,6.07,36,39,39
Michael Raffl,PHI,82,12,16,28,65.12,12.32,22,21,31
Nathan MacKinnon,COL,72,10,18,28,62.22,12.37,16,25,25
Shane Doan,ARI,72,14,13,27,65.85,9.31,28,21,23
Patrick Sharp,DAL,76,12,15,27,60,13.99,21,39,43
Eric Staal,"CAR, NYR",83,10,17,27,61.36,18.24,24,33,54
Zach Parise,MIN,70,15,12,27,81.82,14.79,28,13,31
Carl Soderberg,COL,82,4,23,27,71.05,8.38,22,17,26
Alex Goligoski,DAL,82,4,23,27,35.06,4.07,28,59,12
Kris Versteeg,"CAR, L.A",77,12,15,27,75,12.26,32,30,34
Shawn Matthias,"COL, TOR",71,12,15,27,81.82,9.38,12,8,24
Jakub Voracek,PHI,73,8,19,27,75,8.95,26,34,24
Roman Josi,NSH,81,5,22,27,50,6.13,27,31,15
Joonas Donskoi,S.J,76,8,19,27,67.5,11.07,14,34,29
Vladislav Namestnikov,T.B,80,11,16,27,65.85,8.22,32,12,13
Valeri Nichushkin,DAL,79,8,19,27,64.29,11.74,10,44,33
Sam Bennett,CGY,77,14,13,27,69.23,10.7,26,22,32
Jarome Iginla,COL,82,8,18,26,74.29,8.72,20,15,21
Joel Ward,S.J,79,12,14,26,74.29,11.8,18,42,33
Mike Cammalleri,N.J,42,10,16,26,78.79,6.14,18,13,16
Andrew Ladd,"CHI, WPG",78,11,15,26,68.42,9.94,20,27,22
Andrew Cogliano,ANA,82,5,21,26,78.79,8.69,26,32,21
Jordan Staal,CAR,82,9,17,26,70.27,11.54,16,41,43
Jakob Silfverberg,ANA,82,14,12,26,78.79,13.85,26,35,31
Tomas Tatar,DET,81,13,13,26,65,11.69,12,20,27
Erik Haula,MIN,76,10,16,26,72.22,5.97,18,12,27
Mikael Granlund,MIN,82,8,18,26,76.47,9.92,12,34,43
Ondrej Palat,T.B,62,12,14,26,66.67,7.05,14,24,25
Jean-Gabriel Pageau,OTT,82,8,18,26,61.9,8.63,14,30,23
Victor Rask,CAR,80,14,12,26,61.9,10.42,12,20,38
Tanner Pearson,L.A,79,11,15,26,72.22,10.4,12,16,21
Robby Fabbri,STL,72,15,11,26,72.22,9.75,16,19,26
Alex Tanguay,"ARI, COL",70,7,18,25,62.5,5.6,18,11,24
Brian Gionta,BUF,79,9,16,25,73.53,9.56,6,16,28
Alexander Steen,STL,67,12,13,25,67.57,8.41,24,14,28
Ryan Kesler,ANA,79,10,15,25,75.76,12.2,41,28,25
David Backes,STL,79,8,17,25,71.43,10.72,43,19,26
Evgeni Malkin,PIT,57,13,12,25,78.13,9.44,40,41,49
Troy Brouwer,STL,82,8,17,25,65.79,9.41,25,20,32
Martin Hanzal,ARI,64,9,16,25,71.43,8.57,38,17,19
Justin Abdelkader,DET,82,11,14,25,73.53,9.83,46,22,12
Kris Letang,PIT,71,8,17,25,48.08,4.98,48,51,35
Jamie McGinn,"ANA, BUF",84,13,12,25,71.43,10.27,29,14,13
Michael Frolik,CGY,64,12,13,25,71.43,9.76,18,20,20
P.K. Subban,MTL,68,4,21,25,39.68,2.53,37,79,16
Ryan O'Reilly,BUF,71,9,16,25,69.44,6.82,8,22,37
Dmitry Orlov,WSH,82,8,17,25,41.67,3.86,22,39,33
Mattias Janmark,DAL,73,12,13,25,56.82,10.6,14,34,26
Matt Cullen,PIT,82,13,11,24,80,9.57,14,20,12
Jason Chimera,WSH,82,12,12,24,70.59,10.09,16,28,12
Andrei Markov,MTL,82,1,23,24,42.11,3.14,22,67,27
Jason Pominville,MIN,75,7,17,24,61.54,9.3,4,16,21
Thomas Vanek,MIN,74,10,14,24,72.73,7.6,20,37,19
Brad Richardson,ARI,82,9,15,24,61.54,9.18,31,14,23
Drew Stafford,WPG,78,12,12,24,66.67,10.25,14,29,22
Benoit Pouliot,EDM,55,7,17,24,80,6.35,30,24,26
Bryan Little,WPG,57,12,12,24,72.73,10.56,6,20,15
Artem Anisimov,CHI,77,10,14,24,52.17,9.91,8,13,21
Mathieu Perreault,WPG,71,3,21,24,61.54,7.99,26,19,27
Nick Bonino,PIT,63,5,19,24,80,7.14,20,14,22
Zack Smith,OTT,81,16,8,24,64.86,8.82,36,21,27
Mikkel Boedker,"ARI, COL",80,10,14,24,70.59,9.56,12,20,34
Jori Lehtera,STL,79,7,17,24,52.17,6.56,32,12,21
Mattias Ekholm,NSH,82,4,20,24,41.38,5.04,26,43,21
Casey Cizikas,NYI,80,7,17,24,75,7.09,21,20,44
Cody Eakin,DAL,82,8,16,24,63.16,9.3,26,34,34
Brendan Gallagher,MTL,53,10,14,24,64.86,12.01,10,12,28
Jesper Fast,NYR,79,7,17,24,64.86,7.14,18,16,27
Tobias Rieder,ARI,82,9,15,24,70.59,13.43,4,6,20
Colton Parayko,STL,79,5,19,24,40,5.01,17,15,29
Bo Horvat,VAN,82,10,14,24,68.57,10.15,8,12,22
Nikolaj Ehlers,WPG,72,10,14,24,58.54,10.76,13,27,20
Rick Nash,NYR,60,8,15,23,65.71,10.23,24,30,35
Marc-Edouard Vlasic,S.J,67,6,17,23,41.07,3.98,12,20,9
Ryan McDonagh,NYR,73,7,16,23,34.33,4.41,10,48,26
Alex Pietrangelo,STL,73,5,18,23,44.23,6.22,6,29,30
Josh Bailey,NYI,81,6,17,23,62.16,8.51,20,40,37
Antoine Roussel,DAL,80,10,13,23,67.65,10.48,77,22,25
Tyler Johnson,T.B,69,10,13,23,57.5,10.33,16,13,14
Calle Jarnkrok,NSH,81,11,12,23,57.5,9.27,8,14,24
Oscar Lindberg,NYR,68,10,13,23,79.31,8.57,33,12,13
Devante Smith-Pelly,"MTL, N.J",64,14,9,23,82.14,7.37,16,15,7
Joakim Nordstrom,CAR,71,9,14,23,82.14,9.39,4,32,20
Aaron Ekblad,FLA,78,9,14,23,41.07,5.55,29,36,18
David Pastrnak,BOS,51,14,9,23,79.31,6.64,16,46,33
Zdeno Chara,BOS,80,6,16,22,36.67,3.44,53,74,19
Pavel Datsyuk,DET,66,6,16,22,62.86,11.49,14,21,42
Henrik Zetterberg,DET,82,9,13,22,57.89,12.51,14,32,24
Tomas Fleischmann,"CHI, MTL",76,13,9,22,64.71,9.52,26,12,31
Frans Nielsen,NYI,81,8,14,22,62.86,8.56,6,21,24
Ryan Suter,MIN,82,4,18,22,32.84,4.01,24,34,27
Keith Yandle,NYR,82,2,20,22,43.14,4.77,26,56,23
Darren Helm,DET,77,10,12,22,68.75,11.84,20,14,15
David Desharnais,MTL,65,7,15,22,75.86,6.6,10,19,24
Leo Komarov,TOR,67,10,12,22,84.62,8.31,36,13,34
Lars Eller,MTL,79,11,11,22,59.46,10.24,22,17,35
Jimmy Hayes,BOS,75,9,13,22,70.97,12.24,47,27,24
Matt Calvert,CBJ,73,9,13,22,66.67,9.48,23,9,25
Oliver Ekman-Larsson,ARI,75,8,14,22,34.92,4.69,30,25,35
Dougie Hamilton,CGY,82,6,16,22,48.89,5.35,24,49,14
Torey Krug,BOS,81,3,19,22,40,5.81,27,42,15
Mikhail Grigorenko,COL,74,5,17,22,57.89,5.83,6,16,18
Alexander Wennberg,CBJ,69,6,16,22,61.11,7.87,2,18,38
Patrick Marleau,S.J,82,12,9,21,61.76,13.55,6,44,31
Dustin Brown,L.A,82,8,13,21,75,13.9,24,26,33
Kevin Klein,NYR,69,7,14,21,42,4.02,11,39,14
Blake Comeau,COL,81,6,15,21,67.74,6.84,38,20,26
Ryan Callahan,T.B,73,7,14,21,63.64,9.87,27,18,26
Nick Foligno,CBJ,72,11,10,21,67.74,12.17,25,20,25
Nikolay Kulemin,NYI,81,9,12,21,50,8.5,18,25,21
Jake Muzzin,L.A,82,7,14,21,43.75,5.42,36,55,9
Tyler Myers,WPG,73,8,13,21,48.84,4.69,41,34,31
John Carlson,WSH,56,5,16,21,51.22,3.68,10,37,19
Evander Kane,BUF,65,13,8,21,80.77,12.5,42,21,23
Tyson Barrie,COL,78,9,12,21,36.84,4.85,16,46,26
Andrew Shaw,CHI,78,7,14,21,60,12.37,33,21,20
Ryan Strome,NYI,71,5,16,21,52.5,10.18,20,32,31
Scott Laughton,PHI,71,7,14,21,91.3,6.19,25,20,22
Johnny Boychuk,NYI,70,8,12,20,41.67,4.3,20,42,19
Shea Weber,NSH,78,4,16,20,40,4.11,17,30,8
Travis Zajac,N.J,74,5,15,20,64.52,7.75,14,4,31
Mikhail Grabovski,NYI,58,7,13,20,64.52,7.96,12,32,23
Justin Braun,S.J,80,2,18,20,37.04,3.52,28,36,29
David Perron,"ANA, PIT",71,7,13,20,62.5,10.94,42,17,20
Dale Weise,"CHI, MTL",71,10,10,20,57.14,9.2,20,15,17
Tyler Bozak,TOR,57,7,13,20,74.07,7.36,14,12,25
Nazem Kadri,TOR,76,9,11,20,60.61,16.33,55,33,44
Ryan Ellis,NSH,79,6,14,20,35.09,4.12,29,20,15
William Karlsson,CBJ,81,9,11,20,64.52,9.85,4,17,32
Tom Wilson,WSH,82,7,13,20,54.05,8.87,100,17,14
Teuvo Teravainen,CHI,78,9,11,20,76.92,8.37,16,19,28
Andrej Sustr,T.B,77,4,16,20,42.55,2.71,22,28,13
Elias Lindholm,CAR,82,7,13,20,64.52,10.77,18,24,28
Brian Campbell,FLA,82,3,16,19,27.14,2.88,24,33,17
Francois Beauchemin,COL,82,6,13,19,40.43,2.49,26,31,21
Patrick Maroon,"ANA, EDM",72,7,12,19,65.52,7.77,48,26,10
Colin Wilson,NSH,64,3,16,19,65.52,8.22,6,21,24
Anders Lee,NYI,80,6,13,19,65.52,11.99,32,19,31
Riley Sheahan,DET,81,9,10,19,65.52,9.26,12,18,17
Ryan Nugent-Hopkins,EDM,55,6,13,19,59.38,6.02,16,25,37
Sven Baertschi,VAN,69,12,7,19,76,8,8,18,24
J.T. Brown,T.B,78,7,12,19,55.88,9.76,22,11,18
Cody Ceci,OTT,75,8,11,19,48.72,4.04,18,33,12
Shayne Gostisbehere,PHI,64,7,12,19,42.22,3.44,18,42,24
Jordan Martinook,ARI,81,7,12,19,73.08,9.26,16,12,37
Trevor Daley,"CHI, PIT",82,5,13,18,34.62,5.49,24,24,14
Duncan Keith,CHI,67,4,14,18,43.9,3.1,22,32,17
Cal Clutterbuck,NYI,77,11,7,18,64.29,5.2,16,17,12
Viktor Stalberg,NYR,75,8,10,18,64.29,10.8,18,21,20
Kyle Turris,OTT,57,9,9,18,64.29,8,18,21,14
Drew Doughty,L.A,82,4,14,18,29.51,4.63,34,61,9
Michael Stone,ARI,75,5,13,18,43.9,3.97,38,12,13
Nick Leddy,NYI,81,2,16,18,33.33,3.83,19,41,34
Andrej Nestrasil,CAR,55,5,13,18,64.29,8.48,6,15,28
Jason Zucker,MIN,71,11,7,18,58.06,14.49,18,20,37
Brett Connolly,BOS,71,5,13,18,48.65,7.93,14,19,11
Morgan Rielly,TOR,82,4,14,18,39.13,5.35,20,57,24
Rasmus Ristolainen,BUF,82,4,14,18,40.91,4.2,17,33,14
Melker Karlsson,S.J,65,9,9,18,78.26,9.12,10,12,19
Marian Hossa,CHI,64,6,11,17,68,11.73,18,16,36
Johnny Oduya,DAL,82,3,14,17,36.96,2.37,18,30,20
Valtteri Filppula,T.B,76,5,12,17,62.96,5.03,34,27,23
John Mitchell,COL,71,8,9,17,77.27,7.81,38,13,24
David Jones,"CGY, MIN",75,10,7,17,54.84,9.3,10,8,14
Anton Stralman,T.B,73,7,10,17,41.46,4.26,14,21,22
Erik Johnson,COL,73,6,11,17,42.5,5.25,30,33,24
Logan Couture,S.J,52,9,8,17,65.38,7.48,16,31,31
Colton Sceviour,DAL,71,10,7,17,60.71,9.08,12,22,25
Nick Holden,COL,82,5,12,17,28.81,3.42,18,21,17
Marco Scandella,MIN,73,3,14,17,36.96,4.43,18,34,18
Matt Martin,NYI,80,9,8,17,51.52,7.57,79,14,8
Marcus Foligno,BUF,75,6,11,17,51.52,5.96,37,17,24
David Savard,CBJ,65,3,14,17,39.53,3.14,18,11,10
Nick Bjugstad,FLA,67,9,8,17,58.62,9.83,16,16,18
Alexander Burmistrov,WPG,81,5,12,17,65.38,7.88,28,40,29
Kevan Miller,BOS,71,5,12,17,34,2.22,32,28,10
Shane Prince,"NYI, OTT",62,6,11,17,58.62,6.46,10,24,18
Olli Maatta,PIT,67,6,11,17,28.33,3.94,14,29,6
Seth Jones,"CBJ, NSH",81,2,15,17,40.48,4.94,20,54,23
Antoine Vermette,ARI,76,8,8,16,48.48,7.34,65,19,20
Jay Bouwmeester,STL,72,2,14,16,37.21,3.56,16,26,7
Roman Polak,"S.J, TOR",79,1,15,16,42.11,3.93,43,34,9
Daniel Winnik,"TOR, WSH",76,6,10,16,64,6.98,22,8,29
Karl Alzner,WSH,82,3,13,16,33.33,2.99,20,32,22
James van Riemsdyk,TOR,40,8,8,16,69.57,7.79,2,11,28
Thomas Hickey,NYI,62,4,12,16,42.11,2.54,24,36,14
Jay Beagle,WSH,57,8,8,16,84.21,7.31,22,12,13
Travis Hamonic,NYI,72,4,12,16,30.77,3.91,14,48,32
Brandon Pirri,"ANA, FLA",61,9,7,16,69.57,7.03,18,23,19
Alex Petrovic,FLA,66,2,14,16,36.36,1.92,38,20,8
Micheal Ferland,CGY,71,3,13,16,59.26,10.07,32,24,36
Adam Lowry,WPG,74,7,9,16,66.67,7.45,39,15,24
Luke Glendening,DET,81,5,11,16,57.14,8.35,26,8,13
Nail Yakupov,EDM,60,7,9,16,66.67,8.58,14,32,23
Phillip Di Giuseppe,CAR,41,6,10,16,66.67,5.43,12,5,16
Ben Hutton,VAN,75,1,15,16,51.61,2.49,12,46,25
Ron Hainsey,CAR,81,3,12,15,30,4.19,31,43,23
Brad Boyes,TOR,60,4,11,15,75,5.56,8,14,21
Paul Martin,S.J,78,1,14,15,28.3,1.42,16,44,26
John-Michael Liles,"BOS, CAR",81,4,11,15,34.88,3.31,16,40,14
Jonathan Ericsson,DET,71,3,12,15,36.59,2.72,38,48,9
Dion Phaneuf,"OTT, TOR",71,3,12,15,42.86,3.25,50,23,16
Brent Seabrook,CHI,81,6,9,15,34.09,4.15,24,71,15
Mike Santorelli,ANA,70,8,7,15,83.33,6.67,8,14,5
Marc Staal,NYR,77,2,13,15,34.88,2.96,30,47,17
Riley Nash,CAR,64,7,8,15,75,7.26,12,12,41
Jason Demers,DAL,62,2,13,15,41.67,2.96,28,36,23
Luke Schenn,"L.A, PHI",72,3,12,15,33.33,1.87,35,46,11
Jake Gardiner,TOR,79,5,10,15,35.71,4.47,20,61,30
Matt Bartkowski,VAN,80,5,10,15,37.5,2.96,36,38,15
Justin Faulk,CAR,64,4,11,15,38.46,3.75,16,31,35
Matt Read,PHI,79,6,9,15,60,9.54,18,15,23
Justin Fontaine,MIN,60,5,10,15,55.56,3.9,16,12,10
Nathan Beaulieu,MTL,64,1,14,15,44.12,2.47,28,48,13
Chris Tierney,S.J,79,3,12,15,68.18,8.63,18,34,26
Damon Severson,N.J,72,1,14,15,40.54,3.55,22,28,10
Danny DeKeyser,DET,78,6,9,15,36.59,2.58,30,31,15
Radim Vrbata,VAN,63,8,6,14,70,8.14,12,21,15
Marian Gaborik,L.A,54,8,6,14,73.68,9.54,12,13,12
Dominic Moore,NYR,80,6,8,14,58.33,6.37,18,33,16
Matt Stajan,CGY,80,4,10,14,53.85,5.26,44,31,30
Brian Boyle,T.B,76,8,6,14,56,7.67,28,12,12
Toby Enstrom,WPG,72,2,12,14,29.17,1.6,34,32,5
Torrey Mitchell,MTL,71,10,4,14,70,5.92,45,25,20
Dan Girardi,NYR,74,1,13,14,28.57,3.23,18,50,19
Chris Stewart,ANA,56,6,8,14,63.64,5.15,42,17,12
Brian Dumoulin,PIT,79,0,14,14,27.45,4,12,32,27
Sami Vatanen,ANA,71,5,9,14,38.89,3.31,18,41,26
Emerson Etem,"NYR, VAN",58,6,8,14,58.33,8.3,9,20,19
Josh Manson,ANA,71,4,10,14,35,4.61,36,38,13
Matt Dumba,MIN,81,4,10,14,28.57,3.86,22,40,13
Zemgus Girgensons,BUF,71,5,9,14,60.87,7.16,14,16,13
Nate Schmidt,WSH,72,1,13,14,32.56,4.08,11,37,26
Sven Andrighetto,MTL,44,6,8,14,58.33,5.11,2,11,7
Jared McCann,VAN,69,8,6,14,58.33,6.24,14,23,28
Noah Hanifin,CAR,79,3,11,14,33.33,3.23,16,39,31
Mike Fisher,NSH,70,7,6,13,50,6.08,23,10,15
Shawn Horcoff,ANA,59,5,8,13,68.42,6.11,22,28,8
Mark Streit,PHI,62,4,9,13,37.14,3.34,14,31,11
Vernon Fiddler,DAL,82,6,7,13,59.09,6.81,22,14,16
Alexandre Burrows,VAN,79,5,8,13,72.22,7.95,14,11,25
Matt Moulson,BUF,81,5,8,13,56.52,7.78,14,12,18
Lauri Korpikoski,EDM,71,5,8,13,81.25,6.57,6,10,11
Jack Skille,COL,74,7,6,13,72.22,7.78,11,8,15
Derek Dorsett,VAN,71,4,9,13,59.09,6.92,89,14,10
Michael Grabner,TOR,80,6,7,13,59.09,7.37,8,17,38
Sam Gagner,PHI,53,6,7,13,59.09,4.73,6,10,18
Alec Martinez,L.A,78,5,8,13,29.55,3.68,28,43,4
Tommy Wingels,S.J,68,6,7,13,76.47,9.66,24,24,18
Calvin de Haan,NYI,72,2,11,13,28.26,2.6,16,51,13
Peter Holland,TOR,65,4,9,13,81.25,8.82,26,14,23
Radko Gudas,PHI,76,5,8,13,34.21,3.89,66,45,10
Jaden Schwartz,STL,33,5,8,13,72.22,3.99,6,16,14
Ryan Garbutt,"ANA, CHI",80,6,7,13,61.9,9.27,28,18,9
Dmitrij Jaskin,STL,65,4,9,13,56.52,8.53,22,7,21
Matt Nieto,S.J,67,5,8,13,68.42,7.77,8,23,15
Adam Larsson,N.J,82,1,12,13,31.71,2.8,39,20,19
Connor Murphy,ARI,78,4,9,13,26.53,3.15,42,21,16
Jacob Trouba,WPG,81,5,8,13,23.64,4.83,35,52,20
Erik Gustafsson,CHI,41,0,13,13,48.15,1.38,4,12,7
Andrew Copp,WPG,77,7,6,13,68.42,4.64,2,14,8
Viktor Arvidsson,NSH,56,6,7,13,68.42,8.08,21,17,15
Chris Neil,OTT,80,4,8,12,54.55,7.11,70,12,11
Derek MacKenzie,FLA,64,6,6,12,75,5.05,25,12,15
Marek Zidlicky,NYI,53,4,8,12,44.44,1.65,16,18,5
Brooks Laich,"TOR, WSH",81,2,10,12,66.67,7.18,8,11,25
Josh Gorges,BUF,77,2,10,12,32.43,2.17,40,15,13
Mike Green,DET,74,2,10,12,29.27,3.35,28,33,14
Cody McLeod,COL,82,7,5,12,52.17,6.24,75,2,6
Kris Russell,"CGY, DAL",62,1,11,12,23.08,2.68,8,39,19
Niklas Hjalmarsson,CHI,81,2,10,12,26.09,3.53,22,52,24
Paul Byron,MTL,62,7,5,12,70.59,4.57,7,14,12
Brendan Smith,DET,63,2,10,12,30.77,3.29,41,30,9
Dwight King,L.A,47,6,6,12,75,4.69,22,6,4
Jared Spurgeon,MIN,77,6,6,12,21.82,3.45,14,17,15
Brayden McNabb,L.A,81,2,10,12,25.53,3.48,66,46,16
Nicolas Deslauriers,BUF,70,6,6,12,70.59,6.13,15,8,14
Kevin Connauton,"ARI, CBJ",65,5,7,12,31.58,2.62,43,10,14
Johan Larsson,BUF,74,8,4,12,48,8.46,21,12,19
Tom Kuhnhackl,PIT,42,3,9,12,70.59,4.82,4,6,4
Jyrki Jokipakka,"CGY, DAL",58,2,10,12,34.29,1.45,10,33,13
Reid Boucher,N.J,39,6,6,12,92.31,5.21,6,8,9
Ryan Murray,CBJ,82,3,9,12,21.05,2.29,24,27,12
Jaccob Slavin,CAR,63,2,10,12,32.43,2.97,4,22,42
Andreas Athanasiou,DET,37,7,5,12,85.71,4.36,5,5,10
Curtis Lazar,OTT,76,3,9,12,54.55,7.81,9,12,18
Sergey Kalinin,N.J,78,5,7,12,54.55,6.8,26,17,22
Dan Boyle,NYR,74,5,6,11,23.4,3.3,24,42,17
Brad Richards,DET,68,5,6,11,47.83,7.31,6,18,13
Deryk Engelland,CGY,69,3,8,11,29.73,2.33,38,20,8
Chris Thorburn,WPG,82,5,6,11,52.38,6.1,47,15,9
Dennis Seidenberg,BOS,61,1,10,11,28.21,2.05,20,19,12
Scottie Upshall,STL,70,6,5,11,52.38,8.9,22,10,16
Alexei Emelin,MTL,72,0,11,11,32.35,2.39,44,63,12
Chris VandeVelde,PHI,79,1,10,11,61.11,8.11,21,13,14
Colin Greening,"OTT, TOR",31,4,7,11,73.33,3.46,9,9,10
Andrew Desjardins,CHI,77,6,5,11,78.57,8.07,16,12,19
Trevor Lewis,L.A,75,5,6,11,50,12.09,20,16,13
Patrik Berglund,STL,42,6,5,11,55,5.96,14,8,20
Erik Condra,T.B,54,6,5,11,57.89,4.15,24,9,10
Ryan Carter,MIN,60,6,5,11,84.62,4.87,25,7,12
Chris Terry,CAR,68,8,3,11,57.89,6.28,16,20,21
Nick Spaling,"S.J, TOR",58,3,8,11,55,5.45,18,11,28
Zach Bogosian,BUF,64,2,9,11,26.19,2.55,21,19,13
Alex Chiasson,OTT,77,5,6,11,42.31,6.68,27,12,23
Dmitry Kulikov,FLA,74,1,10,11,25,2.85,34,37,24
Brenden Dillon,S.J,76,2,9,11,29.73,3.45,37,39,10
Christopher Tanev,VAN,69,1,10,11,33.33,1.33,2,31,11
Iiro Pakarinen,EDM,63,5,6,11,84.62,5.81,8,8,8
Jonathan Marchessault,T.B,45,3,8,11,84.62,5.36,15,6,7
Jake McCabe,BUF,77,3,8,11,27.5,2.35,18,26,14
Josh Jooris,CGY,59,4,7,11,64.71,6.06,26,13,12
Jake Virtanen,VAN,55,6,5,11,55,6.19,24,12,20
Andreas Martinsen,COL,55,4,7,11,57.89,3.71,31,5,11
Vincent Lecavalier,"L.A, PHI",49,3,7,10,62.5,3.5,18,10,12
David Legwand,BUF,79,4,6,10,58.82,3.09,12,9,14
Brooks Orpik,WSH,41,3,7,10,25.64,1.03,22,19,5
Jay McClement,CAR,77,2,8,10,55.56,8.16,20,18,27
Gregory Campbell,CBJ,82,3,7,10,58.82,5.81,29,10,11
Patrick Eaves,DAL,54,6,4,10,47.62,5.65,23,7,16
Marc Methot,OTT,69,4,6,10,19.23,1.65,28,43,9
Alexander Edler,VAN,52,3,7,10,28.57,2.19,32,30,14
Tyler Kennedy,N.J,50,2,8,10,71.43,4.53,14,11,15
Adam Cracknell,"EDM, VAN",52,5,5,10,90.91,5.67,16,12,23
Matt Niskanen,WSH,82,2,8,10,19.23,3.72,28,42,23
Stephen Gionta,N.J,82,1,9,10,62.5,5.67,27,7,13
Ryan White,PHI,73,5,5,10,58.82,5.63,65,19,14
Kevin Shattenkirk,STL,72,5,5,10,26.32,5.22,20,23,29
Jason Garrison,T.B,72,4,6,10,26.32,2.57,14,37,12
Justin Schultz,"EDM, PIT",63,2,8,10,27.03,3.05,14,28,16
Jordie Benn,DAL,64,2,8,10,28.57,2.08,12,35,10
Landon Ferraro,"BOS, DET",68,5,5,10,66.67,6.95,17,17,14
John Moore,N.J,73,1,9,10,29.41,2.67,14,34,15
Ben Chiarot,WPG,70,1,9,10,32.26,2.73,21,32,14
Quinton Howden,FLA,58,5,5,10,62.5,3.9,14,6,9
Alexey Marchenko,DET,66,2,8,10,32.26,2.02,4,24,6
Andy Andreoff,L.A,60,8,2,10,66.67,4.49,16,12,12
Colin Miller,BOS,42,3,7,10,41.67,1.95,27,16,6
Bobby Farnham,"N.J, PIT",53,8,2,10,83.33,4.41,47,7,11
Joseph Blandisi,N.J,41,1,9,10,71.43,3.98,20,5,17
Brett Pesce,CAR,69,3,7,10,35.71,2.88,14,19,38
Conor Sheary,PIT,44,7,3,10,76.92,4.7,6,7,7
Michal Rozsival,CHI,51,0,9,9,30,1.17,14,22,6
Rob Scuderi,"CHI, L.A, PIT",63,0,9,9,27.27,1.03,8,25,4
Niklas Kronwall,DET,64,2,7,9,33.33,1.32,10,18,6
Nick Schultz,PHI,81,1,8,9,24.32,2.31,36,28,3
Jarret Stoll,"MIN, NYR",80,4,5,9,52.94,3.36,24,7,3
Matt Hendricks,EDM,68,4,5,9,69.23,5.04,50,15,9
Dan Hamhuis,VAN,58,1,8,9,30,2.31,14,36,20
R.J. Umberger,PHI,39,1,8,9,60,3.31,10,7,4
Dennis Wideman,CGY,51,0,9,9,34.62,1.82,10,31,11
Milan Michalek,"OTT, TOR",45,4,5,9,45,5.23,6,11,22
Braydon Coburn,T.B,80,1,8,9,20,3.63,23,25,13
Kyle Chipchura,ARI,70,3,6,9,56.25,3.81,36,16,22
Andrej Sekera,EDM,81,1,8,9,20.45,3.65,12,61,25
Cody Franson,BUF,59,3,6,9,47.37,1.93,16,25,10
Mark Letestu,EDM,82,4,5,9,56.25,4.7,8,17,17
Ian Cole,PIT,70,0,9,9,29.03,2.36,41,27,8
Mark Barberio,MTL,30,2,7,9,47.37,1.53,6,18,8
Kyle Clifford,L.A,56,3,6,9,64.29,5.77,33,6,5
Magnus Paajarvi,STL,48,3,6,9,64.29,8.31,8,4,7
Chris Wideman,OTT,64,5,4,9,28.13,3.12,32,26,5
Cam Fowler,ANA,69,2,7,9,23.08,2.44,21,24,13
Nick Cousins,PHI,36,6,3,9,69.23,3.59,2,11,18
Joel Edmundson,STL,67,1,8,9,34.62,3.53,41,16,7
Oscar Klefbom,EDM,30,4,5,9,50,1.38,4,23,7
Hampus Lindholm,ANA,80,2,7,9,21.95,4.37,32,53,15
Radek Faksa,DAL,45,4,5,9,45,7.31,10,9,16
Marko Dano,"CHI, WPG",34,5,4,9,81.82,4.37,8,13,10
Kerby Rychel,CBJ,32,2,7,9,69.23,3.86,6,9,9
Trevor van Riemsdyk,CHI,82,2,7,9,19.57,3.13,20,35,14
Dennis Rasmussen,CHI,44,4,5,9,50,3.47,2,5,7
Pierre-Edouard Bellemare,PHI,74,5,4,9,60,6.89,22,14,27
Frank Vatrano,BOS,39,7,2,9,69.23,6.24,10,11,16
Eric Fehr,PIT,55,3,5,8,57.14,5.51,6,8,19
Kyle Brodziak,STL,76,4,4,8,57.14,3.75,17,9,14
Jeff Petry,MTL,51,4,4,8,33.33,3.74,16,40,11
Ben Lovejoy,PIT,66,4,4,8,20.51,2.92,24,15,18
Cody Goloubef,CBJ,43,1,7,8,36.36,1.18,14,10,2
Dalton Prout,CBJ,64,2,6,8,25.81,1.65,75,23,6
Zack Kassian,EDM,36,3,5,8,88.89,3.76,35,13,11
Richard Panik,CHI,30,6,2,8,66.67,3.22,6,8,6
Beau Bennett,PIT,33,5,3,8,61.54,3.02,6,6,5
Austin Watson,NSH,57,2,6,8,61.54,3.87,26,9,9
Erik Gudbranson,FLA,64,2,6,8,22.22,1.92,32,17,10
Mark Pysyk,BUF,55,1,7,8,28.57,1.64,28,19,7
Bryan Rust,PIT,41,4,4,8,53.33,5.43,8,8,9
Brandon Davidson,EDM,51,2,6,8,29.63,2.31,14,35,15
Ryan Dzingel,OTT,30,3,5,8,57.14,2.58,11,2,6
Phillip Danault,"CHI, MTL",51,3,5,8,80,5.46,8,10,16
Cedric Paquette,T.B,56,5,3,8,66.67,4.35,38,10,12
Oliver Bjorkstrand,CBJ,12,4,4,8,88.89,2.36,0,5,6
Jonathan Drouin,T.B,21,4,4,8,61.54,1.7,0,8,6
William Nylander,TOR,22,4,4,8,88.89,2.25,4,7,15
Kevin Bieksa,ANA,71,1,6,7,20,4,32,40,12
Joffrey Lupul,TOR,46,6,1,7,53.85,6.5,10,6,12
Matt Carle,T.B,64,2,5,7,21.21,1.68,24,25,8
Kyle Quincey,DET,47,1,6,7,25.93,2.45,28,21,1
Chris Porter,MIN,61,4,3,7,70,3.88,4,7,10
Nicklas Grossmann,ARI,58,3,4,7,33.33,1.22,18,13,2
Brandon Prust,VAN,35,1,6,7,87.5,2.04,24,14,4
Matt Hunwick,TOR,60,2,5,7,24.14,3.04,28,34,18
Rene Bourque,CBJ,49,2,5,7,50,5.3,28,7,16
Adam McQuaid,BOS,64,1,6,7,23.33,1.21,57,27,7
Andy Greene,N.J,82,1,6,7,17.95,2.55,14,25,19
Alex Biega,VAN,51,0,7,7,26.92,1.94,16,18,8
David Schlemko,N.J,67,5,2,7,25,3.03,14,22,11
Carl Gunnarsson,STL,72,2,5,7,17.5,1.94,23,20,9
Michael Del Zotto,PHI,52,2,5,7,31.82,2.65,10,26,12
Tyler Ennis,BUF,23,1,6,7,100,2.51,9,12,11
Linden Vey,VAN,41,1,6,7,70,2.43,2,13,15
Michael Latta,WSH,43,3,4,7,70,2.82,24,4,8
Brandon Manning,PHI,56,1,6,7,31.82,2.67,47,17,7
Patrik Nemeth,DAL,38,0,7,7,46.67,1.78,12,19,4
Klas Dahlbeck,ARI,71,2,5,7,29.17,1.89,28,11,7
Nick Shore,L.A,68,3,4,7,63.64,7.73,28,7,10
Adam Clendening,"EDM, PIT",29,1,6,7,38.89,1.44,20,17,5
Miikka Salomaki,NSH,61,3,4,7,50,5.3,22,11,14
Ryan Murphy,CAR,35,0,7,7,38.89,1.31,4,16,11
Joel Armia,WPG,43,3,4,7,50,3.83,8,12,20
Daniel Carr,MTL,23,4,3,7,77.78,4.12,6,4,7
Evgeny Medvedev,PHI,45,2,5,7,24.14,2.43,30,25,10
Zbynek Michalek,ARI,70,2,4,6,17.65,1.99,18,22,13
Max Talbot,BOS,38,2,4,6,66.67,2.23,8,0,8
Steve Bernier,NYI,24,1,5,6,75,2.29,4,6,6
Tanner Glass,NYR,57,3,3,6,40,4.27,31,13,2
Jack Johnson,CBJ,60,3,3,6,18.75,2.68,14,19,7
Steve Downie,ARI,26,3,3,6,66.67,1.85,22,4,4
Taylor Chorney,WSH,55,1,5,6,18.75,1.55,21,24,8
Mark Fayne,EDM,69,2,4,6,16.67,1.9,14,28,13
Eric Gryba,EDM,53,1,5,6,23.08,2.19,42,34,11
Andrew MacDonald,PHI,28,1,5,6,25,0.81,0,17,3
Brad Malone,CAR,57,2,4,6,54.55,3.49,49,16,2
Brandon Sutter,VAN,20,3,3,6,60,2.1,2,4,2
Cody Hodgson,NSH,39,2,4,6,60,4.87,4,7,7
Greg Pateryn,MTL,38,0,6,6,35.29,1.21,20,28,11
Stefan Elliott,"ARI, NSH",21,2,4,6,66.67,1.37,4,5,4
Corban Knight,FLA,20,2,4,6,85.71,1.16,2,1,6
Tyler Randell,BOS,27,6,0,6,66.67,1.1,28,1,6
Chris Wagner,"ANA, COL",43,4,2,6,85.71,3.79,6,10,3
Teemu Pulkkinen,DET,36,4,2,6,66.67,4.02,8,10,11
Anthony Bitetto,NSH,28,1,5,6,54.55,0.88,15,8,2
Zach Trotman,BOS,38,2,4,6,22.22,1.61,18,15,2
Tomas Jurco,DET,44,4,2,6,60,3.45,14,7,6
Markus Granlund,"CGY, VAN",47,3,3,6,35.29,4.21,6,7,17
Jonas Brodin,MIN,68,2,4,6,20,2.04,12,21,19
Brian Flynn,MTL,56,2,4,6,46.15,4.4,6,10,15
Derrick Pouliot,PIT,22,0,6,6,46.15,1.25,2,2,6
Colton Sissons,NSH,34,4,2,6,46.15,1.99,7,4,5
Darnell Nurse,EDM,69,3,3,6,15,4.81,38,34,10
Joel Hanley,MTL,10,0,6,6,75,0.24,0,4,2
Patrik Elias,N.J,16,2,3,5,71.43,0.97,6,5,4
Dainius Zubrus,S.J,50,3,2,5,29.41,3.56,16,13,14
Willie Mitchell,FLA,46,1,4,5,18.52,1.04,14,13,5
Shawn Thornton,FLA,50,1,4,5,62.5,3.23,40,4,9
Eric Nystrom,NSH,46,5,0,5,71.43,1.79,6,6,5
Mike Richards,WSH,39,2,3,5,62.5,4.9,6,9,7
Nate Thompson,ANA,49,2,3,5,45.45,3.89,41,12,4
Mike Brown,"MTL, S.J",58,2,3,5,62.5,3.87,56,11,9
Mike Blunden,T.B,20,3,2,5,71.43,1.2,20,2,1
Mason Raymond,CGY,29,4,1,5,50,3.13,8,10,8
Jakub Kindl,"DET, FLA",44,1,4,5,18.52,2.13,16,25,7
Nathan Gerbe,CAR,47,2,3,5,45.45,4.57,8,18,11
Cal O'Reilly,BUF,20,2,3,5,83.33,0.41,2,6,2
Mike Weber,"BUF, WSH",45,1,4,5,29.41,1.2,39,18,2
Brian Strait,NYI,52,1,4,5,21.74,1.9,18,18,7
Anthony Peluso,WPG,35,1,4,5,62.5,1.39,25,6,3
Luca Sbisa,VAN,41,1,4,5,22.73,1.06,24,9,5
Zach Redmond,COL,37,1,4,5,27.78,0.98,10,12,5
Brandon Mashinter,CHI,41,4,1,5,83.33,2.28,11,7,6
Byron Froese,TOR,56,2,3,5,35.71,4.91,12,7,15
Jordan Nolan,L.A,52,0,5,5,45.45,4.25,22,8,4
Martin Marincin,TOR,65,1,4,5,17.86,1.4,26,36,18
Connor Brickley,FLA,23,1,4,5,100,0.87,8,3,4
Nikita Nesterov,T.B,57,1,4,5,21.74,2.55,19,28,6
Frank Corrado,TOR,39,1,4,5,29.41,1.4,20,15,2
Darren Dietz,MTL,13,1,4,5,55.56,0.39,8,12,3
Mike Reilly,MIN,29,1,4,5,55.56,0.79,4,9,2
Ty Rattie,STL,13,4,1,5,83.33,1.6,2,2,2
Rocco Grimaldi,FLA,20,3,2,5,71.43,1.67,2,5,10
Joe Morrow,BOS,33,1,4,5,25,0.89,2,7,8
Nick Paul,OTT,24,2,3,5,62.5,2.48,2,2,9
Shea Theodore,ANA,19,1,4,5,41.67,0.72,2,14,7
Nic Petan,WPG,26,2,3,5,83.33,2.26,2,8,11
Pascal Dupuis,PIT,18,2,2,4,40,2.46,8,3,0
Scott Gomez,"OTT, STL",34,1,3,4,57.14,1.31,4,11,5
Barret Jackman,NSH,73,1,3,4,14.29,2.16,62,32,8
Jordin Tootoo,N.J,66,2,2,4,66.67,5.63,52,22,17
Christian Ehrhoff,"CHI, L.A",48,2,2,4,25,2.31,28,17,4
Alexander Semin,MTL,15,1,3,4,57.14,1.15,10,7,5
Clayton Stoner,ANA,50,0,4,4,21.05,0.96,45,26,2
David Clarkson,CBJ,23,2,2,4,100,2.94,17,2,5
Rich Clune,TOR,19,0,4,4,80,0.64,18,1,2
Ryan Reaves,STL,64,3,1,4,66.67,2.81,34,7,8
Andrew Bodnarchuk,"CBJ, COL",37,0,4,4,25,0.34,12,6,2
Justin Falk,CBJ,24,0,4,4,26.67,0.48,6,8,2
Viktor Tikhonov,"ARI, CHI",50,1,3,4,57.14,4.61,18,10,10
Lance Bouma,CGY,44,1,3,4,40,4.64,12,9,3
Ben Smith,"S.J, TOR",22,2,2,4,57.14,1.87,0,2,7
Jordan Schroeder,MIN,26,2,2,4,44.44,1.83,2,6,1
Jared Cowen,OTT,37,0,4,4,20,0.92,8,30,7
Gabriel Bourque,NSH,22,1,3,4,57.14,1.49,6,2,2
Marcus Kruger,CHI,41,0,4,4,50,3.66,16,3,9
Brandon Bollig,CGY,54,2,2,4,40,2.74,69,8,11
Dave Dziurzynski,OTT,14,1,3,4,100,0.97,4,2,2
Jon Merrill,N.J,47,1,3,4,19.05,1.01,22,15,7
Dylan McIlrath,NYR,34,2,2,4,23.53,0.91,37,12,9
Scott Wilson,PIT,24,3,1,4,80,2.61,7,5,5
Max McCormick,OTT,20,2,2,4,80,2.14,25,5,8
Logan Shaw,FLA,53,2,2,4,40,4.5,6,5,18
Brock McGinn,CAR,21,3,1,4,66.67,2.22,10,4,4
Josh Anderson,CBJ,12,1,3,4,80,1.09,2,1,4
Viktor Svedberg,CHI,27,2,2,4,33.33,1.26,4,10,5
Ryan Pulock,NYI,15,2,2,4,30.77,0.46,5,5,3
Christian Folin,MIN,26,0,4,4,44.44,0.27,9,9,4
Jordan Oesterle,EDM,17,0,4,4,33.33,1.05,0,11,5
Nick Ritchie,ANA,33,2,2,4,57.14,3.91,16,4,8
Nikita Soshnikov,TOR,11,1,3,4,100,1.87,4,3,2
Jakub Nakladal,CGY,27,2,2,4,36.36,1.01,6,11,3
Joonas Kemppainen,BOS,44,1,3,4,33.33,2.48,2,8,21
Carlo Colaiacovo,BUF,36,1,2,3,21.43,1.18,8,10,3
Fedor Tyutin,CBJ,61,1,2,3,10.71,1.2,22,8,5
Boyd Gordon,ARI,65,1,2,3,42.86,3.99,8,10,7
Chris Higgins,VAN,33,2,1,3,42.86,3.47,4,6,5
Kevin Porter,PIT,41,0,3,3,50,2.83,0,6,5
Adam Pardy,"EDM, WPG",23,0,3,3,42.86,1.15,8,12,4
Jared Boll,CBJ,30,1,2,3,60,0.92,21,0,3
Korbinian Holzer,ANA,29,0,3,3,21.43,0.67,6,8,1
Steven Kampfer,FLA,47,0,3,3,15,1.5,18,8,5
Matt Halischuk,WPG,30,0,3,3,60,2.71,2,1,5
Robert Bortuzzo,STL,40,2,1,3,21.43,2.33,39,8,5
Joakim Andersson,DET,29,1,2,3,60,1.79,2,0,0
Zac Rinaldo,BOS,52,1,2,3,27.27,3.25,51,9,8
Anton Lander,EDM,61,1,2,3,37.5,3.07,6,14,17
Phil Varone,"BUF, OTT",6,1,2,3,100,0.25,2,0,1
Zach Hyman,TOR,16,3,0,3,50,3.25,14,2,6
Stanislav Galiev,WSH,24,0,3,3,50,2.14,4,6,6
Mark Arcobello,TOR,20,3,0,3,30,2.03,0,3,9
Mike Sislo,N.J,18,2,1,3,75,1.86,4,2,2
Michael Mersch,L.A,17,1,2,3,75,1.48,0,3,3
Josh Leivo,TOR,12,3,0,3,50,0.93,4,3,4
Matt Puempel,OTT,26,2,1,3,42.86,2.55,4,5,6
Matt Tennyson,S.J,29,0,3,3,27.27,0.76,0,14,1
Oskar Sundqvist,PIT,18,0,3,3,75,1.02,2,1,6
Scott Kosmachuk,WPG,8,0,3,3,100,0.88,2,2,1
Tyler Gaudet,ARI,14,1,2,3,75,0.37,0,2,2
Jiri Sekac,"ANA, ARI, CHI",39,0,3,3,60,3.01,12,7,13
Sergei Plotnikov,"ARI, PIT",45,0,3,3,42.86,3.53,24,15,12
Steve Ott,STL,21,0,2,2,40,1.37,13,1,1
Paul Gaustad,NSH,63,1,1,2,33.33,3.01,32,10,9
Dave Bolland,FLA,25,1,1,2,28.57,1.64,14,10,3
Bryan Bickell,CHI,25,0,2,2,40,2.08,2,7,4
Jiri Tlusty,N.J,30,1,1,2,33.33,2.82,4,4,7
Jamie McBain,L.A,44,1,1,2,13.33,1.01,4,13,2
Paul Postma,WPG,26,2,0,2,22.22,0.92,4,8,4
Yannick Weber,VAN,45,0,2,2,10,2.27,16,12,10
Dustin Jeffrey,ARI,7,1,1,2,50,0.24,2,0,0
Aaron Ness,WSH,8,0,2,2,33.33,0.4,0,2,0
Patrick Wiercioch,OTT,52,0,2,2,7.14,1.57,22,33,7
Jacob Josefson,N.J,58,1,1,2,40,5.87,20,13,10
Eric Gelinas,"COL, N.J",40,0,2,2,15.38,1.31,12,16,7
Nate Prosser,MIN,54,0,2,2,16.67,0.58,28,14,3
Stephen Johns,DAL,14,1,1,2,40,0.49,6,10,5
Greg McKegg,FLA,15,2,0,2,66.67,0.96,2,1,4
Christian Thomas,"ARI, MTL",6,0,2,2,100,0.24,2,1,1
Derek Forbort,L.A,14,1,1,2,50,0.61,12,3,0
Petter Granberg,NSH,27,0,2,2,18.18,0.29,9,7,0
Michael Chaput,CBJ,8,1,1,2,50,1.48,5,3,0
Fredrik Claesson,OTT,16,0,2,2,33.33,0.29,2,12,9
Lucas Lessio,MTL,12,1,1,2,50,1.24,2,2,2
Jamie Oleksiak,DAL,19,0,2,2,33.33,0.85,9,16,4
Brian O'Neill,N.J,22,0,2,2,66.67,1.35,6,3,4
Stefan Matteau,"MTL, N.J",32,1,1,2,50,1.9,8,8,2
Brendan Leipsic,TOR,6,1,1,2,100,0.6,2,1,3
Jujhar Khaira,EDM,15,0,2,2,40,1.13,13,4,6
Connor Carrick,"TOR, WSH",19,1,1,2,33.33,0.91,15,17,5
Charles Hudon,MTL,3,0,2,2,100,0.17,0,0,2
Viktor Loov,TOR,4,0,2,2,50,0.09,0,0,0
Jayson Megna,NYR,6,1,1,2,100,1.03,2,2,1
Buddy Robinson,OTT,3,1,1,2,66.67,0.31,0,1,0
Tim Schaller,BUF,17,0,2,2,50,1,2,4,2
Hudson Fasching,BUF,7,1,1,2,50,0.99,4,2,4
Tobias Lindberg,TOR,6,0,2,2,66.67,0.51,4,1,2
Michael McCarron,MTL,20,1,1,2,50,3.53,21,6,4
Chris Bigras,COL,31,0,2,2,25,1.49,14,8,4
Nikita Zadorov,COL,22,0,2,2,22.22,0.67,6,9,5
Patrick Brown,CAR,7,1,1,2,33.33,1.26,4,4,2
Garnet Hathaway,CGY,14,0,2,2,50,1.16,12,3,4
Nikolay Goldobin,S.J,9,1,1,2,66.67,0.8,0,1,3
Nikita Tryamkin,VAN,13,1,1,2,28.57,0.69,10,3,1
Daniel Sprong,PIT,18,2,0,2,100,1.25,0,5,4
Tanner Kero,CHI,17,0,2,2,40,1.72,2,0,6
Martin Havlat,STL,2,1,0,1,100,0.34,0,0,3
Chris Kelly,BOS,11,1,0,1,20,0.56,0,2,1
Travis Moen,DAL,23,0,1,1,50,0.71,4,4,3
Tuomo Ruutu,N.J,33,0,1,1,16.67,3.05,8,8,10
Tom Gilbert,MTL,45,1,0,1,5.56,1.05,10,37,2
Mark Stuart,WPG,64,0,1,1,4.35,1.37,39,32,3
Colin McDonald,PHI,5,1,0,1,100,0.42,2,0,0
Drew Miller,DET,28,1,0,1,20,2.11,0,3,7
Nikita Nikitin,EDM,11,0,1,1,20,0.34,8,4,0
Mike Angelidis,T.B,4,1,0,1,50,0.4,5,0,0
Tom Sestito,PIT,4,0,1,1,100,0.11,4,1,0
John Scott,"ARI, MTL",12,0,1,1,100,0.35,8,3,1
Rob Klinkhammer,EDM,14,1,0,1,100,1.69,6,2,2
Luke Gazdic,EDM,29,1,0,1,25,1.79,9,1,2
Paul Carey,WSH,4,1,0,1,100,0.21,0,0,0
TJ Brennan,TOR,7,1,0,1,100,0.47,6,2,2
Micheal Haley,S.J,16,1,0,1,100,0.68,26,9,0
Michael Kostka,OTT,15,0,1,1,10,0.24,4,6,0
Zac Dalpe,MIN,2,1,0,1,100,0.13,0,0,0
Andrew Campbell,TOR,6,0,1,1,50,0.15,2,1,1
Michal Jordan,CAR,36,1,0,1,5.88,1.29,12,8,4
Mark Borowiecki,OTT,63,0,1,1,5.56,1.14,54,18,1
Zach Sill,WSH,10,1,0,1,33.33,0.78,2,3,4
Dylan Olsen,FLA,8,0,1,1,33.33,0.19,2,1,0
Simon Despres,ANA,32,0,1,1,5.56,1.5,6,23,9
Drew Shore,CGY,2,0,1,1,100,0.12,0,0,1
Seth Helgeson,N.J,19,0,1,1,50,0.47,8,8,1
Craig Cunningham,ARI,10,0,1,1,50,0.86,2,1,2
Andrew Agozzino,COL,9,0,1,1,100,0.29,0,1,0
Brandon Gormley,COL,26,0,1,1,7.69,0.43,8,12,5
Freddie Hamilton,CGY,4,0,1,1,100,0.48,0,2,1
Marek Hrivik,NYR,5,0,1,1,33.33,0.24,0,2,0
Taylor Fedun,VAN,1,0,1,1,100,0,0,0,0
Blake Pietila,N.J,7,0,1,1,100,0.36,2,0,0
Scott Mayfield,NYI,6,1,0,1,33.33,0.11,2,3,0
Brett Ritchie,DAL,8,0,1,1,50,1.03,7,3,2
Xavier Ouellet,DET,5,0,1,1,50,0.24,2,1,3
Scott Harrington,TOR,15,0,1,1,20,0.33,4,3,1
Tyler Wotherspoon,CGY,11,0,1,1,25,0.42,0,6,1
Turner Elson,CGY,1,0,1,1,100,0,0,0,0
Barclay Goodrow,S.J,14,0,1,1,33.33,0.59,6,3,3
Yanni Gourde,T.B,2,0,1,1,100,0.11,2,0,0
Griffin Reinhart,EDM,29,0,1,1,6.67,1.2,16,21,5
Brendan Gaunce,VAN,20,1,0,1,50,2.42,0,5,5
Slater Koekkoek,T.B,9,0,1,1,50,0.48,2,3,3
Patrick Sieloff,CGY,1,1,0,1,100,0.01,2,0,0
JC Lipon,WPG,9,0,1,1,100,0.25,0,0,1
Joel Vermin,T.B,6,0,1,1,50,0.18,0,1,0
Anton Slepyshev,EDM,11,0,1,1,50,0.65,2,2,2
Ben Harpur,OTT,5,0,1,1,33.33,0.09,2,2,0
Hunter Shinkaruk,"CGY, VAN",8,1,0,1,100,1.4,2,2,1
Jason Dickinson,DAL,1,1,0,1,100,0.2,0,1,0
Ryan Hartman,CHI,3,0,1,1,100,0.26,0,1,3
Jacob De La Rose,MTL,22,0,1,1,16.67,1.81,4,2,6
Laurent Dauphin,ARI,8,1,0,1,33.33,0.72,4,0,3
Anthony Mantha,DET,10,0,1,1,25,1.18,2,2,4
Sergey Tolchinsky,CAR,2,0,1,1,100,0.09,0,0,1
Michael Zalewski,VAN,3,0,1,1,100,0.18,0,1,0
Kevin Fiala,NSH,5,1,0,1,100,0.73,0,3,0
Sonny Milano,CBJ,3,0,1,1,50,0.23,0,1,1
Pavel Zacha,N.J,1,0,1,1,33.33,0.14,0,0,2
Evan Rodrigues,BUF,2,1,0,1,100,0.39,0,0,0
Noel Acciari,BOS,19,0,1,1,25,1.38,8,4,1
Derek Ryan,CAR,6,1,0,1,33.33,0.22,2,1,4
Dominik Simon,PIT,3,0,1,1,100,0.21,0,1,0
Casey Nelson,BUF,7,0,1,1,20,0.09,8,2,1
Eric Boulton,NYI,6,0,0,0,0,0.4,0,2,1
Andrew Ference,EDM,6,0,0,0,0,0.1,6,2,0
Brad Stuart,COL,6,0,0,0,0,0.06,0,3,0
Tim Jackman,ANA,2,0,0,0,-,0.09,2,1,0
Matt Greene,L.A,3,0,0,0,-,0.04,6,2,0
James Wisniewski,CAR,1,0,0,0,-,0,0,0,0
Daniel Paille,NYR,12,0,0,0,0,1,0,2,4
Nate Guenin,COL,29,0,0,0,0,0.25,2,5,1
Andre Benoit,STL,2,0,0,0,0,0.04,0,0,0
Clarke MacArthur,OTT,4,0,0,0,0,0.37,0,0,0
Corey Potter,NSH,1,0,0,0,-,0.01,0,0,0
Tyson Strachan,MIN,2,0,0,0,0,0.03,0,0,0
Ladislav Smid,CGY,22,0,0,0,0,0.36,4,4,1
Jeff Schultz,L.A,1,0,0,0,-,0,0,0,0
Johan Franzen,DET,2,0,0,0,-,0.2,2,0,0
Marc-Andre Gragnani,N.J,4,0,0,0,-,0.06,0,0,1
Cody Bass,NSH,17,0,0,0,0,0.49,17,0,1
Chris Butler,STL,5,0,0,0,0,0.1,4,2,0
Joe Vitale,ARI,1,0,0,0,0,0.12,0,0,0
Bracken Kearns,NYI,2,0,0,0,-,0,4,1,0
Bud Holloway,MTL,1,0,0,0,-,0.01,0,1,2
John McCarthy,S.J,1,0,0,0,-,0,0,1,0
Chris Summers,NYR,3,0,0,0,0,0.45,4,0,0
Victor Bartley,"MTL, NSH",10,0,0,0,0,0.34,6,7,0
Alex Grant,ARI,5,0,0,0,0,0.26,5,0,1
Tommy Cross,BOS,3,0,0,0,0,0,0,0,0
Jim O'Brien,N.J,4,0,0,0,-,0.1,2,1,0
Eric Tangradi,DET,1,0,0,0,-,0,0,0,0
Bryan Lerg,S.J,6,0,0,0,0,0.26,0,0,0
Eric Selleck,ARI,1,0,0,0,-,0.06,5,0,0
Patrice Cormier,WPG,2,0,0,0,-,0,0,0,0
David Warsofsky,"N.J, PIT",22,0,0,0,0,1.25,2,16,2
Derek Grant,CGY,15,0,0,0,-,2.23,2,1,3
Brent Regner,FLA,7,0,0,0,-,0.21,4,1,0
Luke Witkowski,T.B,4,0,0,0,-,0.03,2,1,0
Sean Collins,WSH,2,0,0,0,-,0.1,2,0,0
Matt Taormina,T.B,3,0,0,0,0,0.1,0,2,0
Jordan Caron,STL,4,0,0,0,-,0.08,0,0,0
Chris Brown,WSH,1,0,0,0,-,0.07,0,0,0
David Rundblad,CHI,9,0,0,0,0,0.48,2,10,4
Taylor Beck,NYI,2,0,0,0,-,0.1,2,0,0
Philip Samuelsson,ARI,4,0,0,0,0,0.09,0,1,1
Garrett Wilson,FLA,29,0,0,0,0,2.42,15,2,2
Curtis McKenzie,DAL,3,0,0,0,-,0.3,0,0,1
Nic Dowd,L.A,5,0,0,0,0,0.22,2,3,2
Ryan Stanton,WSH,1,0,0,0,0,0,2,0,0
Matt Irwin,BOS,2,0,0,0,0,0.06,0,0,0
Jordan Weal,"L.A, PHI",14,0,0,0,0,0.67,2,4,5
John McFarland,FLA,3,0,0,0,-,0.26,0,1,0
Brett Bulmer,MIN,3,0,0,0,-,0.04,7,0,0
Tye McGinn,T.B,2,0,0,0,-,0.04,0,0,1
Morgan Ellis,MTL,3,0,0,0,0,0.1,2,2,0
Jarred Tinordi,"ARI, MTL",10,0,0,0,0,0.13,17,0,1
Julian Melchiori,WPG,11,0,0,0,0,0.18,0,5,2
John Ramage,CBJ,1,0,0,0,-,0,0,0,0
Alex Friesen,VAN,1,0,0,0,-,0.06,0,0,1
Sam Carrick,TOR,3,0,0,0,-,0.19,4,0,0
Kenny Agostino,CGY,2,0,0,0,-,0.18,0,5,2
Kevin Gravel,L.A,5,0,0,0,0,0.1,0,2,0
Michael Sgarbossa,ANA,1,0,0,0,-,0,0,0,0
Brody Sutter,CAR,8,0,0,0,-,0.5,0,1,1
Ben Street,COL,7,0,0,0,0,0.54,4,2,0
Kael Mouillierat,PIT,1,0,0,0,-,0.11,0,0,1
Harry Zolnierczyk,ANA,1,0,0,0,-,0.12,0,0,0
Paul Thompson,N.J,3,0,0,0,0,0.06,2,0,1
Josh Archibald,PIT,1,0,0,0,-,0,0,0,0
Dylan DeMelo,S.J,45,0,0,0,0,1.13,10,19,7
Tyler Graovac,MIN,2,0,0,0,-,0.11,0,0,2
Max Friberg,ANA,5,0,0,0,-,0.13,2,0,0
Andrey Pedan,VAN,13,0,0,0,0,0.32,16,5,0
Michael Paliotta,CBJ,1,0,0,0,0,0.02,0,0,0
Daniel Catenacci,BUF,11,0,0,0,0,0.6,0,0,2
Alan Quine,NYI,2,0,0,0,-,0.48,0,2,1
Alexandre Grenier,VAN,6,0,0,0,0,0.86,2,3,3
Kyle Rau,FLA,9,0,0,0,0,1.45,2,1,3
Alex Khokhlachev,BOS,5,0,0,0,-,0.23,0,1,0
Mark McNeill,CHI,1,0,0,0,-,0,0,0,1
Stefan Noesen,ANA,1,0,0,0,-,0,0,0,0
Stuart Percy,TOR,3,0,0,0,-,0.02,0,1,1
Seth Griffith,BOS,4,0,0,0,-,0.08,4,0,0
Kurtis Gabriel,MIN,3,0,0,0,0,0.01,5,0,1
Cole Schneider,BUF,2,0,0,0,-,0.55,0,0,0
Brad Hunt,EDM,7,0,0,0,0,0.22,2,5,2
Jeremy Welsh,STL,2,0,0,0,-,0,2,0,1
Brady Skjei,NYR,7,0,0,0,0,0.2,4,3,2
Michael Matheson,FLA,3,0,0,0,0,0.06,2,0,1
Esa Lindell,DAL,4,0,0,0,0,0.09,0,3,0
Chandler Stephenson,WSH,9,0,0,0,-,0.26,2,1,3
Devin Shore,DAL,3,0,0,0,0,0.31,0,1,0
Adam Pelech,NYI,9,0,0,0,0,0.14,0,7,0
Brendan Woods,CAR,5,0,0,0,-,0.15,7,1,1
Trevor Carrick,CAR,2,0,0,0,0,0.07,0,1,3
Taylor Leier,PHI,6,0,0,0,-,0.31,0,1,3
Brett Kulak,CGY,8,0,0,0,0,0.32,0,4,3
Petteri Lindbohm,STL,10,0,0,0,0,0.14,2,1,2
Vinnie Hinostroza,CHI,7,0,0,0,0,0.44,4,1,2
Christoph Bertschy,MIN,3,0,0,0,-,0.07,0,0,0
Connor Brown,TOR,7,0,0,0,0,0.39,0,0,4
Chad Ruhwedel,BUF,1,0,0,0,-,0.03,2,1,0
Andrew Miller,EDM,6,0,0,0,-,0.5,0,0,1
Miles Wood,N.J,1,0,0,0,-,0.12,0,0,0
Steven Santini,N.J,1,0,0,0,0,0.03,2,1,0
Gustav Olofsson,MIN,2,0,0,0,-,0.31,0,2,0
Justin Bailey,BUF,8,0,0,0,0,2.12,0,3,4
Emile Poirier,CGY,2,0,0,0,-,0.35,2,0,1
Josh Morrissey,WPG,1,0,0,0,-,0.02,0,1,0
Mirco Mueller,S.J,11,0,0,0,-,0.5,7,6,1
Frederik Gauthier,TOR,7,0,0,0,0,0.51,0,1,0
Ross Johnston,NYI,1,0,0,0,-,0,2,0,1
Ronalds Kenins,VAN,8,0,0,0,0,0.53,4,2,3
Rinat Valiev,TOR,10,0,0,0,0,0.11,0,3,1
Ryan Carpenter,S.J,1,0,0,0,-,0,0,0,0
Dennis Everberg,COL,15,0,0,0,0,0.86,0,3,0
Borna Rendulic,COL,3,0,0,0,-,0.08,0,0,1
Michael Keranen,MIN,1,0,0,0,-,0,0,0,0
Tomas Nosek,DET,6,0,0,0,-,0.14,2,0,2
Kasperi Kapanen,TOR,9,0,0,0,-,1,2,1,4
Brett Lernout,MTL,1,0,0,0,-,0,0,0,0
Chase De Leo,WPG,2,0,0,0,0,0.1,0,0,0
Kyle Baun,CHI,2,0,0,0,-,0,0,0,0
Mikko Rantanen,COL,9,0,0,0,-,0.73,2,1,1
Oliver Kylington,CGY,1,0,0,0,0,0.03,0,0,0
Markus Hannikainen,CBJ,4,0,0,0,-,0.04,0,0,1
Dean Kukan,CBJ,8,0,0,0,0,0.1,0,3,4
Vojtech Mozik,N.J,7,0,0,0,0,0.23,4,1,0
Ryan Johnston,MTL,3,0,0,0,0,0.03,0,1,0
Brandon Tanev,WPG,3,0,0,0,-,0.26,2,0,0
